id	criterion	command	note
FR-01	Verdict on/off switch persists across daemon restart	cargo test --manifest-path rust/Cargo.toml -p worklog-core --lib -- daemon::tests::verdict_supervisor_enabled_route_persists_the_switch	asserts env file holds WORKLOG_VERDICT_ENABLED; UI toggle in VerdictControl tests
FR-02	Verdict started when switched on, stopped when off	cargo test --manifest-path rust/Cargo.toml -p worklog-core --lib -- verdict_supervisor::tests::switching_off_kills_the_process_and_a_late_exit_is_ignored verdict_supervisor::tests::switching_on_twice_does_not_start_a_second_process	fake host; real process presence shown in verify/CHK001.md step 3
FR-03	Restarts after crash at most 3 per 10 min; 4th stops with error	cargo test --manifest-path rust/Cargo.toml -p worklog-core --lib -- verdict_supervisor::tests::three_crashes_restart_and_the_fourth_stops_with_the_last_error	
FR-04	Settings renders each of six Verdict states	cd web && bun test components/VerdictControl.test.tsx -t "renders its exact copy"	
FR-05	Day page shows grey line with unchecked count when Verdict off	cd web && bun test components/VerdictBanner.test.tsx -t "off: quiet line with count and Turn on"	asserts 'Verdict is off · 3 events not checked'
FR-06	Verdict defaults to on with no setting	cargo test --manifest-path rust/Cargo.toml -p worklog-core --lib -- verdict_supervisor::tests::enabled_key_parses_exactly_and_defaults_on	
FR-07	Every Verdict project guess logged with top 3, filed or not	cargo test --manifest-path rust/Cargo.toml -p worklog-core --lib -- routing::tests::an_unfiled_guess_is_still_stored_and_logged routing::tests::a_filed_guess_logs_what_was_applied	
FR-08	Owner project/ticket correction logged with prior value	cargo test --manifest-path rust/Cargo.toml -p worklog-core --lib -- routing::tests::an_owner_fix_is_logged_with_the_value_it_replaced ticket_verdict::tests::an_owner_ticket_swap_is_logged_with_the_ticket_it_replaced	
FR-09	Decision log rows survive purge	cargo test --manifest-path rust/Cargo.toml -p worklog-core --lib -- purge::tests::verdict_decisions_survive_a_prune_that_deletes_their_event	covers purge; no test for compression path
FR-09a	Filing rule over score triples: abstain margin, runner-up, order check	cargo test --manifest-path rust/Cargo.toml -p worklog-core --lib -- routing::tests::files_when_winner_beats_abstain_and_runner_up routing::tests::unsorted_when_winner_ties_abstain routing::tests::unsorted_when_runner_up_too_close routing::tests::files_exactly_at_abstain_margin routing::tests::unsorted_just_under_abstain_margin routing::tests::files_exactly_at_runner_up_ratio routing::tests::unsorted_just_under_runner_up_ratio routing::tests::unsorted_when_order_check_disagrees	ticket side: ticket_verdict::tests::each_filing_condition_must_hold_at_the_call_site
FR-10	At most 6 projects offered, pinned then near-hits then recent minutes	cargo test --manifest-path rust/Cargo.toml -p worklog-core --lib -- routing_shortlist::tests::thirty_folders_yield_the_expected_six_in_order	
FR-11	Shortlist never empty when event has pinned folder	cargo test --manifest-path rust/Cargo.toml -p worklog-core --lib -- routing_shortlist::tests::pinned_folder_alone_is_never_empty	
FR-12	5 recent corrections as examples, 60 chars each, 600 total	cargo test --manifest-path rust/Cargo.toml -p worklog-core --lib -- routing_shortlist::tests::examples_are_cut_to_sixty_chars_and_capped_at_six_hundred_total verdict::tests::classify_returns_ranking_on_success	second test asserts examples in the request body
FR-13	Example alone never files an event (identical channel, unrelated text)	NONE	no test: needs real model or stub showing same-channel unrelated text stays unfiled; only examples plumbing is tested
FR-14	Event filed only if both option orders agree	cargo test --manifest-path rust/Cargo.toml -p worklog-core --lib -- routing::tests::unsorted_when_order_check_disagrees	server side: python3 rust/crates/worklog-core/templates/verdict_server.py --self-test
FR-15	Unfiled event shows top 2-3 project chips beside full picker	cd web && bun test components/UnsortedList.test.tsx -t "renders at most 3 chips|keeps the PalettePicker beside the chips"	
FR-16	Ticket candidates <=6 in order session, event keys, recent; pick files per rule	cargo test --manifest-path rust/Cargo.toml -p worklog-core --lib -- ticket_verdict::tests::options_run_session_then_events_then_recent_in_that_order ticket_verdict::tests::a_clear_answer_picks_the_ticket_and_logs_the_guess	fixture uses VIT-212 with (0.6,0.1,0.1,agreed)
FR-17	Verdict ticket pick never replaces Owner or event ticket	cargo test --manifest-path rust/Cargo.toml -p worklog-core --lib -- estimate::tests::verdict_pick_never_replaces_an_owner_ticket ticket_verdict::tests::owner_and_event_tickets_are_never_asked_about_and_auto_or_unset_are	
FR-18	When Verdict does not pick, ticket chosen exactly as before	cargo test --manifest-path rust/Cargo.toml -p worklog-core --lib -- estimate::tests::unsure_verdict_leaves_the_ticket_exactly_as_before ticket_verdict::tests::apply_leaves_the_current_ticket_when_verdict_is_unsure	
FR-19	Generated line passes only if both Verdict questions yes	cargo test --manifest-path rust/Cargo.toml -p worklog-core --lib -- line_check::tests::both_yes_passes line_check::tests::about_no_needs_look line_check::tests::vague_needs_look	MISSING: scorecard fixture of 5 good + 5 vague lines against real model not found
FR-20	Failing line regenerated once, then flagged needs a look	cargo test --manifest-path rust/Cargo.toml -p worklog-core --lib -- line_check::tests::line_failing_twice_is_flagged_after_exactly_one_regenerate daemon::tests::daemon_tempo_lines::generated_vague_line_is_regenerated_once_then_flagged	
FR-21	Hand-written line never checked or flagged	cargo test --manifest-path rust/Cargo.toml -p worklog-core --lib -- line_check::tests::tempo_lines_set_check_never_touches_a_manual_line	
FR-22	Scorecard replays 30 days into right/wrong/unsure with final value	cargo test --manifest-path rust/Cargo.toml -p worklog-core --lib -- scorecard::tests::would_file_the_value_the_owner_corrected_to_is_right scorecard::tests::would_file_what_the_owner_corrected_away_from_is_wrong scorecard::tests::the_latest_owner_correction_is_the_final_value scorecard::tests::without_a_correction_the_applied_value_is_final scorecard::tests::decisions_exactly_thirty_days_old_count_and_one_second_older_do_not	CLI output: cargo test --manifest-path rust/Cargo.toml -p worklog-cli eval_replay_prints_each_count_and_the_thresholds
FR-23	Scorecard saves zero-wrong best pair; else keeps settings and says so	cargo test --manifest-path rust/Cargo.toml -p worklog-core --lib -- scorecard::tests::apply_writes_both_settings_and_a_plain_run_writes_neither scorecard::tests::the_tuned_pair_has_zero_wrong_and_the_most_right scorecard::tests::when_no_pair_has_zero_wrong_the_settings_stay_and_it_says_so	
FR-24	Settings shows latest scorecard in one line	cd web && bun test components/VerdictControl.test.tsx -t "shows the last night's check when present"	
FR-25	Scorecard runnable from CLI via worklog eval --replay	cargo test --manifest-path rust/Cargo.toml -p worklog-cli eval_replay	
FR-26	Auto-send switch in Settings persists	cargo test --manifest-path rust/Cargo.toml -p worklog-core --lib -- daemon::tests::auto_send_persists_through_settings_and_shows_in_the_view	UI checkbox: cd web && bun test components/VerdictControl.test.tsx -t auto-send
FR-27	At 17:00 local, ready lines of that day sent once	cargo test --manifest-path rust/Cargo.toml -p worklog-core --lib -- auto_send::tests::nothing_is_sent_before_17_00_and_the_first_line_goes_at_exactly_17_00 auto_send::tests::only_the_local_day_is_sent_and_only_once	
FR-27a	Line ready after 17:00 run is not auto-sent	cargo test --manifest-path rust/Cargo.toml -p worklog-core --lib -- auto_send::tests::a_line_ready_after_the_run_waits_for_a_manual_sync	
FR-27b	Tempo unreachable: retry each tick to 23:59, then mark Not sent	cargo test --manifest-path rust/Cargo.toml -p worklog-core --lib -- auto_send::tests::an_unreachable_tempo_is_retried_each_tick_with_the_original_plan auto_send::tests::lines_still_unreachable_when_the_day_ends_are_marked_not_sent	
FR-28	Line ready only by ticket origin and passed or manual text	cargo test --manifest-path rust/Cargo.toml -p worklog-core --lib -- auto_send::tests::readiness_follows_ticket_origin_and_text_check auto_send::tests::one_unready_block_makes_the_whole_line_unready	
FR-29	Review lists unconfirmed auto-sent earlier-day lines, newest day first	cargo test --manifest-path rust/Cargo.toml -p worklog-core --lib -- auto_send::tests::review_lists_unconfirmed_sent_and_failed_lines_from_earlier_days_newest_first && cd web && bun test components/ReviewSection.test.tsx -t "groups by day, newest first"	
FR-30	Confirm removes line from Review, changes nothing in Tempo	cargo test --manifest-path rust/Cargo.toml -p worklog-core --lib -- auto_send::tests::confirm_changes_nothing_in_tempo_state	UI: cd web && bun test components/ReviewSection.test.tsx -t 'Looks right confirms'
FR-31	Review edit updates same Tempo worklog and confirms	cd web && bun test components/ReviewSection.test.tsx -t "Save runs hours, text, then sync"	backend PUT-not-POST: collectors::tempo::tests::aggregated_put_updates_shared_group_when_new_block_added; live Tempo not exercised (CHK002.md)
FR-32	Failed auto-send shows Tempo message and Send again in Review	cd web && bun test components/ReviewSection.test.tsx -t "shows the message and Send again, never Looks right"	backend: auto_send::tests::a_rejected_line_records_tempos_message_and_the_others_still_go
FR-33	Confirm all of one day's lines in one action	cd web && bun test components/ReviewSection.test.tsx -t "Confirm all calls with the day only"	
FR-34	Already-sent line never sent again as new worklog	cargo test --manifest-path rust/Cargo.toml -p worklog-core --lib -- auto_send::tests::only_the_local_day_is_sent_and_only_once collectors::tempo::tests::sync_wont_reposted_already_synced_blocks	
FR-35	Review hidden when nothing waiting	cd web && bun test components/ReviewSection.test.tsx -t "renders nothing when there are no lines|section disappears when the last line is confirmed"	
NFR-start	Verdict answering within 90 s of start, model downloaded	human	verify/CHK001.md (running ~30 s); grace logic only: verdict_supervisor::tests::start_grace_is_under_90_seconds_then_not_answering
NFR-health	Health check every 60 s, at most 3 restarts per 10 min	cargo test --manifest-path rust/Cargo.toml -p worklog-core --lib -- verdict_supervisor::tests::three_crashes_restart_and_the_fourth_stops_with_the_last_error verdict_supervisor::tests::a_crash_exactly_at_the_window_edge_restarts_again	60 s interval itself has no test (tick cadence not asserted)
NFR-p95	Per-event decision p95 <=300 ms including both orders	human	post-launch metric: worklog eval --replay prints p95 on Owner's Mac; only p95 arithmetic tested (scorecard::tests::p95_is_the_nearest_rank)
NFR-timeout	Per-call 10 s timeout; event stays unfiled	NONE	no test of the 10 s timeout (verdict.rs:33 sets it); only unreachable_is_none covers a dead helper
NFR-exposure	Verdict listens on 127.0.0.1 only; log has no secrets	python3 rust/crates/worklog-core/templates/verdict_server.py --self-test	self-test runs _http_round_trip; HOST constant is 127.0.0.1; no test that schema has no secret columns
NFR-shortlist	<=6 projects, <=6 tickets, <=5 examples per project	cargo test --manifest-path rust/Cargo.toml -p worklog-core --lib -- routing_shortlist::tests::thirty_folders_yield_the_expected_six_in_order ticket_verdict::tests::seven_candidates_are_cut_to_the_first_six_and_six_stay_six routing_shortlist::tests::examples_are_cut_to_sixty_chars_and_capped_at_six_hundred_total	5-per-project cut also asserted in verdict_server self-test
NFR-room	Event text keeps >=200 of Verdict's 512 input tokens	NONE	self-test has no token-budget assertion (no 512 or token-limit check in verdict_server.py)
NFR-textcost	Text check adds <=1 s per Tempo line	human	timed over one real day; no automated timing
NFR-autotiming	Auto-send within 15 min after 17:00 or first tick after waking	cargo test --manifest-path rust/Cargo.toml -p worklog-core --lib -- auto_send::tests::nothing_is_sent_before_17_00_and_the_first_line_goes_at_exactly_17_00 auto_send::tests::an_unreachable_tempo_is_retried_each_tick_with_the_original_plan	15-min tick constant and 'first tick after waking' not asserted directly
NFR-success7d	Noise down >=50% and Verdict corrections <=1/day after 7 days	human	post-launch metric
L-1	Every MUST in 4.1 has a passing test	human	meta: true only if no NONE rows above (FR-13 is NONE) and L-5 green
L-2	Error path of each journey exercised by test or CHK	human	review of journeys 1-5 vs tests; verify/CHK001.md, verify/CHK002.md
L-3	Owner switches Verdict on, kills it, sees it return	human	verify/CHK001.md step 2
L-4	Owner switches Verdict off and sees grey line on day page	human	verify/CHK001.md step 3
L-5	cargo test, clippy, fmt, bun test, typecheck, build green	cargo test --manifest-path rust/Cargo.toml && cargo clippy --manifest-path rust/Cargo.toml --all-targets --all-features -- -D warnings && cargo fmt --manifest-path rust/Cargo.toml --all -- --check && cd web && bun test && bun run typecheck && bun run build	whole suite; stop any next dev server first
B1	Fix saved logs before and after; purge keeps it	cargo test --manifest-path rust/Cargo.toml -p worklog-core --lib -- verdict_decisions routing::tests::an_owner_fix_is_logged_with_the_value_it_replaced	filter 'verdict_decisions' also matches purge::tests::verdict_decisions_survive_a_prune_that_deletes_their_event
B2	Verdict crash restarts at most 3 per 10 min	cargo test --manifest-path rust/Cargo.toml -p worklog-core --lib -- verdict_supervisor::tests	
B3	30 folders: Verdict sees <=6 with <=5 examples each	cargo test --manifest-path rust/Cargo.toml -p worklog-core --lib -- routing_shortlist::tests && python3 rust/crates/worklog-core/templates/verdict_server.py --self-test	
B4	Verdict disagreeing across orders leaves event unsorted	cargo test --manifest-path rust/Cargo.toml -p worklog-core --lib -- routing::tests::unsorted_when_order_check_disagrees	
B5	Manual or event ticket kept when Verdict picks another	cargo test --manifest-path rust/Cargo.toml -p worklog-core --lib -- estimate::tests::verdict_pick_never_replaces_an_owner_ticket ticket_verdict::tests::owner_and_event_tickets_are_never_asked_about_and_auto_or_unset_are	
B6	Vague line failing twice flagged needs_look	cargo test --manifest-path rust/Cargo.toml -p worklog-core --lib -- line_check::tests::line_failing_twice_is_flagged_after_exactly_one_regenerate	
B7	Auto-send at 17:00 sends only ready lines, once	cargo test --manifest-path rust/Cargo.toml -p worklog-core --lib -- auto_send::tests::readiness_follows_ticket_origin_and_text_check auto_send::tests::only_the_local_day_is_sent_and_only_once auto_send::tests::nothing_is_sent_before_17_00_and_the_first_line_goes_at_exactly_17_00	
B8	Review edit saved updates the same Tempo worklog	cargo test --manifest-path rust/Cargo.toml -p worklog-core --lib -- collectors::tempo::tests::aggregated_put_updates_shared_group_when_new_block_added && cd web && bun test components/ReviewSection.test.tsx -t "Save runs hours, text, then sync"	
B9	30 days of fixes: scorecard reports right/wrong/unsure	cargo test --manifest-path rust/Cargo.toml -p worklog-core --lib -- scorecard::tests	
